run,flow1(50000)_sender,flow1(50000)_receiver,flow1(50000)_rtt,flow2(50001)_sender,flow2(50001)_receiver,flow2(50001)_rtt,flow3(50002)_sender,flow3(50002)_receiver,flow3(50002)_rtt
1,299.97,299.97,0.0307432478295652,299.97,299.97,0.03290270496728168,299.97,299.97,0.03107379386852468
2,299.97,299.97,0.0226891416213444,299.97,299.97,0.022371314259267715,299.97,299.97,0.01281278855089155
3,299.97,299.97,0.02114447038887541,299.97,299.97,0.02107399959730596,299.97,299.97,0.02412306451859343
