{
	"start":	{
		"connected":	[{
				"socket":	5,
				"local_host":	"fd00:1::1",
				"local_port":	50002,
				"remote_host":	"fd03:1::2",
				"remote_port":	5203
			}],
		"version":	"iperf 3.9",
		"system_info":	"Linux hcu 5.15.0-163-generic #173-Ubuntu SMP Tue Oct 14 17:51:00 UTC 2025 x86_64",
		"timestamp":	{
			"time":	"Thu, 11 Dec 2025 05:01:15 GMT",
			"timesecs":	1765429275
		},
		"connecting_to":	{
			"host":	"fd03:1::2",
			"port":	5203
		},
		"cookie":	"ihm2yhsfs77bg4mgcby3sxqzxhpnrwkt6qrk",
		"sock_bufsize":	0,
		"sndbuf_actual":	1048576,
		"rcvbuf_actual":	1048576,
		"test_start":	{
			"protocol":	"UDP",
			"num_streams":	1,
			"blksize":	1012,
			"omit":	0,
			"duration":	10,
			"bytes":	0,
			"blocks":	0,
			"reverse":	0,
			"tos":	0
		}
	},
	"intervals":	[{
			"streams":	[{
					"socket":	5,
					"start":	0,
					"end":	1.000054,
					"seconds":	1.0000540018081665,
					"bytes":	37467276,
					"bits_per_second":	299722022.46883935,
					"packets":	37023,
					"omitted":	false,
					"sender":	true
				}],
			"sum":	{
				"start":	0,
				"end":	1.000054,
				"seconds":	1.0000540018081665,
				"bytes":	37467276,
				"bits_per_second":	299722022.46883935,
				"packets":	37023,
				"omitted":	false,
				"sender":	true
			}
		}, {
			"streams":	[{
					"socket":	5,
					"start":	1.000054,
					"end":	2.000053,
					"seconds":	0.99999898672103882,
					"bytes":	37499660,
					"bits_per_second":	299997583.98124027,
					"packets":	37055,
					"omitted":	false,
					"sender":	true
				}],
			"sum":	{
				"start":	1.000054,
				"end":	2.000053,
				"seconds":	0.99999898672103882,
				"bytes":	37499660,
				"bits_per_second":	299997583.98124027,
				"packets":	37055,
				"omitted":	false,
				"sender":	true
			}
		}, {
			"streams":	[{
					"socket":	5,
					"start":	2.000053,
					"end":	3.000054,
					"seconds":	1.0000009536743164,
					"bytes":	37500672,
					"bits_per_second":	300005089.892851,
					"packets":	37056,
					"omitted":	false,
					"sender":	true
				}],
			"sum":	{
				"start":	2.000053,
				"end":	3.000054,
				"seconds":	1.0000009536743164,
				"bytes":	37500672,
				"bits_per_second":	300005089.892851,
				"packets":	37056,
				"omitted":	false,
				"sender":	true
			}
		}, {
			"streams":	[{
					"socket":	5,
					"start":	3.000054,
					"end":	4.000053,
					"seconds":	0.99999898672103882,
					"bytes":	37499660,
					"bits_per_second":	299997583.98124027,
					"packets":	37055,
					"omitted":	false,
					"sender":	true
				}],
			"sum":	{
				"start":	3.000054,
				"end":	4.000053,
				"seconds":	0.99999898672103882,
				"bytes":	37499660,
				"bits_per_second":	299997583.98124027,
				"packets":	37055,
				"omitted":	false,
				"sender":	true
			}
		}, {
			"streams":	[{
					"socket":	5,
					"start":	4.000053,
					"end":	5.000054,
					"seconds":	1.0000009536743164,
					"bytes":	37500672,
					"bits_per_second":	300005089.892851,
					"packets":	37056,
					"omitted":	false,
					"sender":	true
				}],
			"sum":	{
				"start":	4.000053,
				"end":	5.000054,
				"seconds":	1.0000009536743164,
				"bytes":	37500672,
				"bits_per_second":	300005089.892851,
				"packets":	37056,
				"omitted":	false,
				"sender":	true
			}
		}, {
			"streams":	[{
					"socket":	5,
					"start":	5.000054,
					"end":	6.000053,
					"seconds":	0.99999898672103882,
					"bytes":	37499660,
					"bits_per_second":	299997583.98124027,
					"packets":	37055,
					"omitted":	false,
					"sender":	true
				}],
			"sum":	{
				"start":	5.000054,
				"end":	6.000053,
				"seconds":	0.99999898672103882,
				"bytes":	37499660,
				"bits_per_second":	299997583.98124027,
				"packets":	37055,
				"omitted":	false,
				"sender":	true
			}
		}, {
			"streams":	[{
					"socket":	5,
					"start":	6.000053,
					"end":	7.000053,
					"seconds":	1,
					"bytes":	37499660,
					"bits_per_second":	299997280,
					"packets":	37055,
					"omitted":	false,
					"sender":	true
				}],
			"sum":	{
				"start":	6.000053,
				"end":	7.000053,
				"seconds":	1,
				"bytes":	37499660,
				"bits_per_second":	299997280,
				"packets":	37055,
				"omitted":	false,
				"sender":	true
			}
		}, {
			"streams":	[{
					"socket":	5,
					"start":	7.000053,
					"end":	8.000053,
					"seconds":	1,
					"bytes":	37500672,
					"bits_per_second":	300005376,
					"packets":	37056,
					"omitted":	false,
					"sender":	true
				}],
			"sum":	{
				"start":	7.000053,
				"end":	8.000053,
				"seconds":	1,
				"bytes":	37500672,
				"bits_per_second":	300005376,
				"packets":	37056,
				"omitted":	false,
				"sender":	true
			}
		}, {
			"streams":	[{
					"socket":	5,
					"start":	8.000053,
					"end":	9.000053,
					"seconds":	1,
					"bytes":	37499660,
					"bits_per_second":	299997280,
					"packets":	37055,
					"omitted":	false,
					"sender":	true
				}],
			"sum":	{
				"start":	8.000053,
				"end":	9.000053,
				"seconds":	1,
				"bytes":	37499660,
				"bits_per_second":	299997280,
				"packets":	37055,
				"omitted":	false,
				"sender":	true
			}
		}, {
			"streams":	[{
					"socket":	5,
					"start":	9.000053,
					"end":	10.000056,
					"seconds":	1.0000029802322388,
					"bytes":	37499660,
					"bits_per_second":	299996385.94109911,
					"packets":	37055,
					"omitted":	false,
					"sender":	true
				}],
			"sum":	{
				"start":	9.000053,
				"end":	10.000056,
				"seconds":	1.0000029802322388,
				"bytes":	37499660,
				"bits_per_second":	299996385.94109911,
				"packets":	37055,
				"omitted":	false,
				"sender":	true
			}
		}],
	"end":	{
		"streams":	[{
				"udp":	{
					"socket":	5,
					"start":	0,
					"end":	10.000056,
					"seconds":	10.000056,
					"bytes":	374967252,
					"bits_per_second":	299972121.75611812,
					"jitter_ms":	0.030428508339538071,
					"lost_packets":	17,
					"packets":	370521,
					"lost_percent":	0.0045881340058998,
					"out_of_order":	0,
					"sender":	true
				}
			}],
		"sum":	{
			"start":	0,
			"end":	10.044141,
			"seconds":	10.044141,
			"bytes":	374967252,
			"bits_per_second":	299972121.75611812,
			"jitter_ms":	0.030428508339538071,
			"lost_packets":	17,
			"packets":	370521,
			"lost_percent":	0.0045881340058998,
			"sender":	true
		},
		"cpu_utilization_percent":	{
			"host_total":	7.3138938670395381,
			"host_user":	3.3198885273080938,
			"host_system":	3.9939954285809431,
			"remote_total":	11.19377178382963,
			"remote_user":	1.927554714935626,
			"remote_system":	9.26619769580334
		}
	}
}
