{
	"start":	{
		"connected":	[{
				"socket":	5,
				"local_host":	"fd00:1::1",
				"local_port":	50001,
				"remote_host":	"fd03:1::2",
				"remote_port":	5202
			}],
		"version":	"iperf 3.9",
		"system_info":	"Linux hcu 5.15.0-163-generic #173-Ubuntu SMP Tue Oct 14 17:51:00 UTC 2025 x86_64",
		"timestamp":	{
			"time":	"Thu, 11 Dec 2025 05:06:37 GMT",
			"timesecs":	1765429597
		},
		"connecting_to":	{
			"host":	"fd03:1::2",
			"port":	5202
		},
		"cookie":	"rebpjptitnhmcove325l7pqwbvov3t3ruynq",
		"sock_bufsize":	0,
		"sndbuf_actual":	1048576,
		"rcvbuf_actual":	1048576,
		"test_start":	{
			"protocol":	"UDP",
			"num_streams":	1,
			"blksize":	1012,
			"omit":	0,
			"duration":	10,
			"bytes":	0,
			"blocks":	0,
			"reverse":	0,
			"tos":	0
		}
	},
	"intervals":	[{
			"streams":	[{
					"socket":	5,
					"start":	0,
					"end":	1.000055,
					"seconds":	1.0000549554824829,
					"bytes":	37468288,
					"bits_per_second":	299729832.20245677,
					"packets":	37024,
					"omitted":	false,
					"sender":	true
				}],
			"sum":	{
				"start":	0,
				"end":	1.000055,
				"seconds":	1.0000549554824829,
				"bytes":	37468288,
				"bits_per_second":	299729832.20245677,
				"packets":	37024,
				"omitted":	false,
				"sender":	true
			}
		}, {
			"streams":	[{
					"socket":	5,
					"start":	1.000055,
					"end":	2.000054,
					"seconds":	0.99999898672103882,
					"bytes":	37498648,
					"bits_per_second":	299989487.97303677,
					"packets":	37054,
					"omitted":	false,
					"sender":	true
				}],
			"sum":	{
				"start":	1.000055,
				"end":	2.000054,
				"seconds":	0.99999898672103882,
				"bytes":	37498648,
				"bits_per_second":	299989487.97303677,
				"packets":	37054,
				"omitted":	false,
				"sender":	true
			}
		}, {
			"streams":	[{
					"socket":	5,
					"start":	2.000054,
					"end":	3.000053,
					"seconds":	0.99999898672103882,
					"bytes":	37500672,
					"bits_per_second":	300005679.98944378,
					"packets":	37056,
					"omitted":	false,
					"sender":	true
				}],
			"sum":	{
				"start":	2.000054,
				"end":	3.000053,
				"seconds":	0.99999898672103882,
				"bytes":	37500672,
				"bits_per_second":	300005679.98944378,
				"packets":	37056,
				"omitted":	false,
				"sender":	true
			}
		}, {
			"streams":	[{
					"socket":	5,
					"start":	3.000053,
					"end":	4.000053,
					"seconds":	1,
					"bytes":	37499660,
					"bits_per_second":	299997280,
					"packets":	37055,
					"omitted":	false,
					"sender":	true
				}],
			"sum":	{
				"start":	3.000053,
				"end":	4.000053,
				"seconds":	1,
				"bytes":	37499660,
				"bits_per_second":	299997280,
				"packets":	37055,
				"omitted":	false,
				"sender":	true
			}
		}, {
			"streams":	[{
					"socket":	5,
					"start":	4.000053,
					"end":	5.000054,
					"seconds":	1.0000009536743164,
					"bytes":	37500672,
					"bits_per_second":	300005089.892851,
					"packets":	37056,
					"omitted":	false,
					"sender":	true
				}],
			"sum":	{
				"start":	4.000053,
				"end":	5.000054,
				"seconds":	1.0000009536743164,
				"bytes":	37500672,
				"bits_per_second":	300005089.892851,
				"packets":	37056,
				"omitted":	false,
				"sender":	true
			}
		}, {
			"streams":	[{
					"socket":	5,
					"start":	5.000054,
					"end":	6.000054,
					"seconds":	1,
					"bytes":	37499660,
					"bits_per_second":	299997280,
					"packets":	37055,
					"omitted":	false,
					"sender":	true
				}],
			"sum":	{
				"start":	5.000054,
				"end":	6.000054,
				"seconds":	1,
				"bytes":	37499660,
				"bits_per_second":	299997280,
				"packets":	37055,
				"omitted":	false,
				"sender":	true
			}
		}, {
			"streams":	[{
					"socket":	5,
					"start":	6.000054,
					"end":	7.000054,
					"seconds":	1,
					"bytes":	37499660,
					"bits_per_second":	299997280,
					"packets":	37055,
					"omitted":	false,
					"sender":	true
				}],
			"sum":	{
				"start":	6.000054,
				"end":	7.000054,
				"seconds":	1,
				"bytes":	37499660,
				"bits_per_second":	299997280,
				"packets":	37055,
				"omitted":	false,
				"sender":	true
			}
		}, {
			"streams":	[{
					"socket":	5,
					"start":	7.000054,
					"end":	7.165727,
					"seconds":	0.16567300260066986,
					"bytes":	6224812,
					"bits_per_second":	300583047.43852484,
					"packets":	6151,
					"omitted":	false,
					"sender":	true
				}],
			"sum":	{
				"start":	7.000054,
				"end":	7.165727,
				"seconds":	0.16567300260066986,
				"bytes":	6224812,
				"bits_per_second":	300583047.43852484,
				"packets":	6151,
				"omitted":	false,
				"sender":	true
			}
		}],
	"end":	{
		"streams":	[{
				"udp":	{
					"socket":	5,
					"start":	0,
					"end":	7.165727,
					"seconds":	7.165727,
					"bytes":	268692072,
					"bits_per_second":	299974667.74829686,
					"jitter_ms":	0,
					"lost_packets":	0,
					"packets":	265506,
					"lost_percent":	0,
					"out_of_order":	0,
					"sender":	true
				}
			}],
		"sum":	{
			"start":	0,
			"end":	7.165727,
			"seconds":	7.165727,
			"bytes":	268692072,
			"bits_per_second":	299974667.74829686,
			"jitter_ms":	0,
			"lost_packets":	0,
			"packets":	265506,
			"lost_percent":	0,
			"sender":	true
		},
		"cpu_utilization_percent":	{
			"host_total":	6.807635168073622,
			"host_user":	1.1247830009507152,
			"host_system":	5.6828521671229071,
			"remote_total":	0,
			"remote_user":	0,
			"remote_system":	0
		},
		"streams":	[{
				"udp":	{
					"socket":	5,
					"start":	0,
					"end":	7.165819,
					"seconds":	7.165819,
					"bytes":	268692072,
					"bits_per_second":	299970816.45517421,
					"jitter_ms":	0,
					"lost_packets":	0,
					"packets":	265506,
					"lost_percent":	0,
					"out_of_order":	0,
					"sender":	true
				}
			}],
		"sum":	{
			"start":	0,
			"end":	7.165727,
			"seconds":	7.165727,
			"bytes":	268692072,
			"bits_per_second":	299970816.45517421,
			"jitter_ms":	0,
			"lost_packets":	0,
			"packets":	265506,
			"lost_percent":	0,
			"sender":	true
		},
		"cpu_utilization_percent":	{
			"host_total":	6.8088290723121352,
			"host_user":	1.1249752191400055,
			"host_system":	5.68384006688006,
			"remote_total":	0,
			"remote_user":	0,
			"remote_system":	0
		}
	},
	"error":	"interrupt - the client has terminated",
	"error":	"interrupt - the client has terminated"
}
